,ID,Label,Hemi,x,y,z,n_vertices
0,1,LH_VisCent_ExStr_1,L,-36.599293,-61.906208,-20.348524,39
1,2,LH_VisCent_ExStr_2,L,-24.463154,-74.61497,-10.052019,45
2,3,LH_VisCent_ExStr_3,L,-34.26953,-81.59437,-16.829065,38
3,4,LH_VisCent_ExStr_4,L,-16.485485,-89.27161,-12.313358,33
4,5,LH_VisCent_ExStr_5,L,-24.810244,-97.04,-12.976199,55
5,6,LH_VisCent_ExStr_6,L,-39.902348,-87.16553,-5.2939935,37
6,7,LH_VisCent_Striate_1,L,-10.114969,-98.571266,-4.7457113,57
7,8,LH_VisCent_ExStr_7,L,-44.659336,-73.02819,1.3964334,60
8,9,LH_VisCent_ExStr_8,L,-25.414276,-95.26364,3.2277596,44
9,10,LH_VisCent_ExStr_9,L,-38.587894,-84.02926,9.959544,63
10,11,LH_VisCent_ExStr_10,L,-13.4953375,-97.53636,14.918092,51
11,12,LH_VisCent_ExStr_11,L,-27.079807,-83.98965,16.640596,50
12,13,LH_VisPeri_ExStrInf_1,L,-26.094313,-55.41095,-9.502341,66
13,14,LH_VisPeri_ExStrInf_2,L,-12.647002,-62.793728,-6.329771,43
14,15,LH_VisPeri_ExStrInf_3,L,-7.3570156,-77.101974,-6.07443,35
15,16,LH_VisPeri_ExStrInf_4,L,-13.188233,-44.316006,-5.0363617,26
16,17,LH_VisPeri_ExStrInf_5,L,-14.912047,-58.17997,1.0545976,45
17,18,LH_VisPeri_StriCal_1,L,-6.372499,-89.354935,2.4395306,55
18,19,LH_VisPeri_StriCal_2,L,-8.892412,-76.47878,8.3778925,72
19,20,LH_VisPeri_ExStrSup_1,L,-20.710543,-67.00912,5.3802347,55
20,21,LH_VisPeri_ExStrSup_2,L,-3.6893737,-84.48477,23.347822,44
21,22,LH_VisPeri_ExStrSup_3,L,-13.708996,-70.86429,19.242826,43
22,23,LH_VisPeri_ExStrSup_4,L,-16.523941,-88.57044,28.577734,38
23,24,LH_VisPeri_ExStrSup_5,L,-13.842002,-80.153755,34.277714,32
24,25,LH_SomMotA_1,L,-8.791237,-14.583912,45.606995,55
25,26,LH_SomMotA_2,L,-39.00912,-16.24503,45.14899,44
26,27,LH_SomMotA_3,L,-46.843975,-19.224676,52.756092,47
27,28,LH_SomMotA_4,L,-46.56312,-29.82899,54.805523,68
28,29,LH_SomMotA_5,L,-37.148663,-24.766365,49.15157,32
29,30,LH_SomMotA_6,L,-10.09939,-37.270412,52.1779,31
30,31,LH_SomMotA_7,L,-4.838319,-24.230913,54.38499,30
31,32,LH_SomMotA_8,L,-4.033012,-9.007898,57.827103,34
32,33,LH_SomMotA_9,L,-35.48752,-19.957737,60.36812,77
33,34,LH_SomMotA_10,L,-33.542934,-28.540802,59.073498,44
34,35,LH_SomMotA_11,L,-30.489923,-36.455894,61.226536,46
35,36,LH_SomMotA_12,L,-25.393427,-11.633996,60.78606,62
36,37,LH_SomMotA_13,L,-21.619007,-26.73323,61.04908,34
37,38,LH_SomMotA_14,L,-9.741013,-42.463615,69.25056,57
38,39,LH_SomMotA_15,L,-4.1436815,-25.634754,67.64174,70
39,40,LH_SomMotA_16,L,-16.358023,-14.579416,69.560356,49
40,41,LH_SomMotA_17,L,-18.930113,-31.58877,65.43158,54
41,42,LH_SomMotA_18,L,-20.450077,-39.69531,67.86651,44
42,43,LH_SomMotA_19,L,-12.393689,-29.735138,69.412094,30
43,44,LH_SomMotB_Aud_1,L,-49.237476,-12.382003,-0.15507597,54
44,45,LH_SomMotB_Aud_2,L,-56.287926,-23.262861,5.634601,85
45,46,LH_SomMotB_Ins_1,L,-36.78059,-24.221844,8.616426,42
46,47,LH_SomMotB_S2_1,L,-38.874474,-8.605376,12.734646,66
47,48,LH_SomMotB_S2_2,L,-36.904877,-26.918552,17.20276,56
48,49,LH_SomMotB_Aud_3,L,-58.89928,-37.536446,14.489401,44
49,50,LH_SomMotB_Aud_4,L,-42.022865,-34.909603,12.616468,52
50,51,LH_SomMotB_S2_3,L,-47.72817,-14.261655,13.108011,43
51,52,LH_SomMotB_S2_4,L,-60.707577,-3.9130201,9.814674,42
52,53,LH_SomMotB_S2_5,L,-48.89181,-25.353666,16.91154,38
53,54,LH_SomMotB_S2_6,L,-60.168373,-19.748842,18.12352,37
54,55,LH_SomMotB_Cent_1,L,-59.108334,-5.0931387,21.868155,52
55,56,LH_SomMotB_Cent_2,L,-62.8917,-11.930682,30.219675,40
56,57,LH_SomMotB_Cent_3,L,-50.786804,-10.271883,28.245386,39
57,58,LH_SomMotB_Cent_4,L,-50.26948,-9.6449,40.542015,46
58,59,LH_SomMotB_Cent_5,L,-46.369396,-17.45871,37.78312,37
59,60,LH_DorsAttnA_TempOcc_1,L,-44.711994,-40.9856,-24.298357,39
60,61,LH_DorsAttnA_TempOcc_2,L,-31.751179,-41.48072,-23.697605,40
61,62,LH_DorsAttnA_TempOcc_3,L,-47.865307,-54.468483,-15.719943,62
62,63,LH_DorsAttnA_TempOcc_4,L,-44.046734,-69.80737,-9.337371,50
63,64,LH_DorsAttnA_ParOcc_1,L,-46.510345,-68.18669,10.68715,54
64,65,LH_DorsAttnA_ParOcc_2,L,-34.176334,-83.21746,22.152641,26
65,66,LH_DorsAttnA_SPL_1,L,-26.492588,-69.35117,27.53599,34
66,67,LH_DorsAttnA_SPL_2,L,-20.867283,-76.851425,39.83945,42
67,68,LH_DorsAttnA_SPL_3,L,-23.808487,-63.971607,42.19687,43
68,69,LH_DorsAttnA_SPL_4,L,-28.1703,-57.623367,44.991005,32
69,70,LH_DorsAttnA_SPL_5,L,-34.87011,-51.701744,50.99665,40
70,71,LH_DorsAttnA_SPL_6,L,-15.171648,-69.52827,54.400253,62
71,72,LH_DorsAttnA_SPL_7,L,-26.929451,-60.254715,58.121235,48
72,73,LH_DorsAttnB_PostC_1,L,-59.951157,-24.749954,29.524738,49
73,74,LH_DorsAttnB_PostC_2,L,-54.155304,-23.248806,37.981525,47
74,75,LH_DorsAttnB_PostC_3,L,-51.403633,-33.014057,40.53286,49
75,76,LH_DorsAttnB_PostC_4,L,-42.556183,-30.70066,38.556515,37
76,77,LH_DorsAttnB_PostC_5,L,-35.507015,-38.531723,44.10623,64
77,78,LH_DorsAttnB_PostC_6,L,-30.089064,-45.148514,58.963234,49
78,79,LH_DorsAttnB_PostC_7,L,-9.851927,-57.41593,61.985928,44
79,80,LH_DorsAttnB_PostC_8,L,-20.669514,-54.36215,63.40921,47
80,81,LH_DorsAttnB_PostC_9,L,-15.293038,-50.47924,70.830635,26
81,82,LH_DorsAttnB_FEF_1,L,-41.897865,-4.4667087,50.069954,43
82,83,LH_DorsAttnB_FEF_2,L,-25.646988,-0.3407832,51.32169,42
83,84,LH_DorsAttnB_FEF_3,L,-30.016565,-7.6427684,49.79412,31
84,85,LH_DorsAttnB_PrCv_1,L,-49.787514,1.1581194,36.54659,40
85,86,LH_SalVentAttnA_ParOper_1,L,-53.44034,-35.580963,21.65051,55
86,87,LH_SalVentAttnA_ParOper_2,L,-58.108696,-46.123158,25.971952,46
87,88,LH_SalVentAttnA_ParOper_3,L,-60.333786,-37.72006,34.236538,41
88,89,LH_SalVentAttnA_Ins_1,L,-40.22618,1.5029668,-7.594449,86
89,90,LH_SalVentAttnA_Ins_2,L,-40.897213,-15.909292,-4.397327,47
90,91,LH_SalVentAttnA_Ins_3,L,-32.92918,19.667053,7.6296015,62
91,92,LH_SalVentAttnA_Ins_4,L,-36.279545,4.8232365,9.712961,43
92,93,LH_SalVentAttnA_FrOper_1,L,-50.783012,0.26716152,3.696988,47
93,94,LH_SalVentAttnA_FrOper_2,L,-51.920166,8.822271,12.245027,53
94,95,LH_SalVentAttnA_ParMed_1,L,-12.761609,-26.09693,41.292187,59
95,96,LH_SalVentAttnA_ParMed_2,L,-14.226166,-39.862366,46.701065,48
96,97,LH_SalVentAttnA_ParMed_3,L,-7.593915,-48.14486,57.538807,39
97,98,LH_SalVentAttnA_FrMed_1,L,-6.9755516,0.5017848,42.007027,68
98,99,LH_SalVentAttnA_FrMed_2,L,-7.241183,8.612938,47.18672,47
99,100,LH_SalVentAttnA_FrMed_3,L,-9.509119,-4.442275,68.97362,36
100,101,LH_SalVentAttnB_PFCl_1,L,-39.528053,47.035187,10.580192,38
101,102,LH_SalVentAttnB_PFCl_2,L,-30.79662,40.86039,24.733875,55
102,103,LH_SalVentAttnB_PFCl_3,L,-37.93174,32.112522,35.254547,40
103,104,LH_SalVentAttnB_Ins_1,L,-32.690395,18.384352,-10.165191,31
104,105,LH_SalVentAttnB_Ins_2,L,-32.646057,26.356207,-0.83802396,44
105,106,LH_SalVentAttnB_Ins_3,L,-44.208103,12.396052,1.563626,30
106,107,LH_SalVentAttnB_OFC_1,L,-27.124186,47.237453,-14.502278,29
107,108,LH_SalVentAttnB_PFCmp_1,L,-7.7783732,20.673828,32.399776,58
108,109,LH_LimbicB_OFC_1,L,-12.777617,21.09511,-21.454004,59
109,110,LH_LimbicB_OFC_2,L,-23.792854,21.015478,-20.751968,65
110,111,LH_LimbicB_OFC_3,L,-10.108646,43.753643,-24.582891,68
111,112,LH_LimbicB_OFC_4,L,-3.4350138,19.51997,-20.277994,50
112,113,LH_LimbicB_OFC_5,L,-15.745276,62.3784,-8.7526455,49
113,114,LH_LimbicA_TempPole_1,L,-38.321896,-6.2051706,-42.38471,55
114,115,LH_LimbicA_TempPole_2,L,-25.403225,3.6543467,-39.68754,46
115,116,LH_LimbicA_TempPole_3,L,-26.587557,-11.556964,-33.43417,56
116,117,LH_LimbicA_TempPole_4,L,-52.03133,-23.503176,-33.753098,60
117,118,LH_LimbicA_TempPole_5,L,-40.32485,-22.506882,-26.931759,53
118,119,LH_LimbicA_TempPole_6,L,-32.020252,9.480758,-27.861712,60
119,120,LH_LimbicA_TempPole_7,L,-44.174362,0.9802043,-17.115248,43
120,121,LH_ContA_Temp_1,L,-53.804382,-62.53657,-3.8772886,53
121,122,LH_ContA_IPS_1,L,-29.066069,-72.6785,37.077877,25
122,123,LH_ContA_IPS_2,L,-57.376472,-45.462505,42.954525,33
123,124,LH_ContA_IPS_3,L,-33.48061,-61.598923,41.95499,53
124,125,LH_ContA_IPS_4,L,-44.722805,-44.884148,42.82373,52
125,126,LH_ContA_IPS_5,L,-34.359703,-48.121384,38.090553,48
126,127,LH_ContA_PFCd_1,L,-21.641073,4.9594765,60.124527,58
127,128,LH_ContA_PFClv_1,L,-44.782642,32.97559,10.134366,34
128,129,LH_ContA_PFClv_2,L,-42.80654,36.025528,21.069042,45
129,130,LH_ContA_PFCl_1,L,-48.788963,6.47836,23.994204,65
130,131,LH_ContA_PFCl_2,L,-43.01322,21.47415,25.51127,92
131,132,LH_ContA_PFCl_3,L,-37.34595,7.2492766,30.72173,37
132,133,LH_ContA_Cingm_1,L,-2.633664,3.7938843,30.469145,43
133,134,LH_ContB_Temp_1,L,-58.618366,-37.5672,-21.611408,45
134,135,LH_ContB_Temp_2,L,-60.784004,-49.362915,-10.59283,36
135,136,LH_ContB_IPL_1,L,-47.743103,-63.984066,41.987747,44
136,137,LH_ContB_IPL_2,L,-51.82161,-53.564224,39.676716,45
137,138,LH_ContB_IPL_3,L,-42.395893,-54.590755,40.08941,34
138,139,LH_ContB_PFCd_1,L,-31.634762,13.411087,52.740086,32
139,140,LH_ContB_PFClv_1,L,-42.506947,45.951138,-6.1424866,60
140,141,LH_ContB_PFClv_2,L,-29.212482,54.163315,-0.58346623,35
141,142,LH_ContB_PFClv_3,L,-28.36554,51.253353,11.208181,36
142,143,LH_ContB_PFCmp_1,L,-4.630933,26.827673,45.23563,50
143,144,LH_ContC_pCun_1,L,-12.089161,-69.183846,31.058598,38
144,145,LH_ContC_pCun_2,L,-10.34073,-75.96504,43.737656,35
145,146,LH_ContC_pCun_3,L,-7.0144105,-60.949875,52.383972,39
146,147,LH_ContC_Cingp_1,L,-4.3869905,-39.792847,24.333084,38
147,148,LH_ContC_Cingp_2,L,-3.5828278,-21.336521,29.778816,44
148,149,LH_DefaultA_IPL_1,L,-42.9669,-63.735394,28.449741,60
149,150,LH_DefaultA_IPL_2,L,-39.007614,-74.13699,41.132683,36
150,151,LH_DefaultA_PFCd_1,L,-26.041418,28.019121,38.443077,44
151,152,LH_DefaultA_PFCd_2,L,-20.817278,34.779575,42.817764,41
152,153,LH_DefaultA_PFCd_3,L,-24.957573,18.141687,48.193943,38
153,154,LH_DefaultA_pCunPCC_1,L,-2.9531524,-53.94077,20.344965,38
154,155,LH_DefaultA_pCunPCC_2,L,-5.6882586,-60.061913,30.062073,54
155,156,LH_DefaultA_pCunPCC_3,L,-7.588074,-44.170517,33.68098,44
156,157,LH_DefaultA_pCunPCC_4,L,-2.8226118,-31.749205,39.9585,35
157,158,LH_DefaultA_pCunPCC_5,L,-1.7464522,-15.059025,39.051205,26
158,159,LH_DefaultA_pCunPCC_6,L,-3.6934326,-65.77633,42.05541,28
159,160,LH_DefaultA_pCunPCC_7,L,-6.763016,-50.02742,43.096867,48
160,161,LH_DefaultA_PFCm_1,L,-4.3214264,52.947002,-11.429228,39
161,162,LH_DefaultA_PFCm_2,L,-5.0984826,33.74118,-10.3544445,69
162,163,LH_DefaultA_PFCm_3,L,-7.2477283,55.35235,6.181901,36
163,164,LH_DefaultA_PFCm_4,L,-6.8198757,42.33482,5.6000175,57
164,165,LH_DefaultA_PFCm_5,L,-15.934109,64.9769,8.726823,41
165,166,LH_DefaultA_PFCm_6,L,-5.5259914,31.246235,20.522795,58
166,167,LH_DefaultB_Temp_1,L,-44.933304,11.261076,-33.067997,60
167,168,LH_DefaultB_Temp_2,L,-54.733772,-4.8047576,-29.463182,39
168,169,LH_DefaultB_Temp_3,L,-61.96922,-21.362265,-21.88223,37
169,170,LH_DefaultB_Temp_4,L,-56.434853,-14.280224,-15.863681,70
170,171,LH_DefaultB_Temp_5,L,-59.025604,-37.870216,-6.0077176,67
171,172,LH_DefaultB_Temp_6,L,-51.555004,-27.194487,-7.5978055,44
172,173,LH_DefaultB_IPL_1,L,-43.213955,-58.252216,17.266966,51
173,174,LH_DefaultB_IPL_2,L,-54.677048,-55.46746,25.72922,60
174,175,LH_DefaultB_PFCd_1,L,-5.189559,50.32438,26.754095,73
175,176,LH_DefaultB_PFCd_2,L,-16.431215,54.708706,29.873215,57
176,177,LH_DefaultB_PFCd_3,L,-24.795324,46.00394,28.068684,38
177,178,LH_DefaultB_PFCd_4,L,-9.517293,43.159145,48.53287,28
178,179,LH_DefaultB_PFCd_5,L,-12.843557,25.446674,58.190468,46
179,180,LH_DefaultB_PFCd_6,L,-7.485762,10.652227,64.11332,51
180,181,LH_DefaultB_PFCl_1,L,-41.312943,18.360569,46.28119,53
181,182,LH_DefaultB_PFCl_2,L,-42.887196,4.960774,45.86087,37
182,183,LH_DefaultB_PFCv_1,L,-35.587242,21.501888,-15.767541,59
183,184,LH_DefaultB_PFCv_2,L,-34.595,36.037853,-13.430869,29
184,185,LH_DefaultB_PFCv_3,L,-47.027187,32.845253,-11.222085,35
185,186,LH_DefaultB_PFCv_4,L,-46.199787,28.039122,1.2005616,49
186,187,LH_DefaultB_PFCv_5,L,-52.905163,20.178173,10.552253,42
187,188,LH_DefaultC_IPL_1,L,-42.720886,-76.43541,25.211594,53
188,189,LH_DefaultC_Rsp_1,L,-13.527789,-50.887444,2.267459,32
189,190,LH_DefaultC_Rsp_2,L,-7.049686,-53.851112,7.154676,43
190,191,LH_DefaultC_Rsp_3,L,-14.239659,-62.83452,17.015583,47
191,192,LH_DefaultC_PHC_1,L,-20.928104,-23.449549,-24.590767,41
192,193,LH_DefaultC_PHC_2,L,-31.325373,-35.507935,-18.277187,73
193,194,LH_DefaultC_PHC_3,L,-18.168625,-37.736156,-12.055657,34
194,195,LH_TempPar_1,L,-55.71504,2.3182395,-11.843033,55
195,196,LH_TempPar_2,L,-61.878002,-15.342214,-4.3184805,34
196,197,LH_TempPar_3,L,-62.422894,-34.093822,1.7135104,47
197,198,LH_TempPar_4,L,-52.728374,-43.737988,3.006084,40
198,199,LH_TempPar_5,L,-54.366158,-54.316513,7.5296636,52
199,200,LH_TempPar_6,L,-57.867653,-49.44151,12.618891,42
200,1,RH_VisCent_ExStr_1,R,34.06312,-56.994644,-19.46216,30
201,2,RH_VisCent_ExStr_2,R,34.748165,-75.28039,-15.685086,40
202,3,RH_VisCent_ExStr_3,R,22.521038,-75.43032,-10.765593,57
203,4,RH_VisCent_ExStr_4,R,20.49917,-89.32645,-11.476412,33
204,5,RH_VisCent_ExStr_5,R,41.85296,-86.05812,-11.043852,27
205,6,RH_VisCent_ExStr_6,R,24.887823,-97.93224,-10.191216,59
206,7,RH_VisCent_Striate_1,R,9.087305,-93.63508,-0.84643555,88
207,8,RH_VisCent_ExStr_7,R,32.652996,-88.759094,4.0397344,50
208,9,RH_VisCent_ExStr_8,R,21.856575,-100.06916,7.0942974,31
209,10,RH_VisCent_ExStr_9,R,41.09133,-81.28364,11.831384,53
210,11,RH_VisCent_ExStr_10,R,11.843185,-93.777626,16.787027,40
211,12,RH_VisCent_ExStr_11,R,25.557224,-86.5671,18.34557,53
212,13,RH_VisPeri_ExStrInf_1,R,27.215597,-54.791702,-9.590082,65
213,14,RH_VisPeri_ExStrInf_2,R,17.813183,-36.781902,-10.878423,26
214,15,RH_VisPeri_ExStrInf_3,R,7.651219,-74.35915,-4.1661596,34
215,16,RH_VisPeri_ExStrInf_4,R,10.706615,-57.108856,-3.0040977,41
216,17,RH_VisPeri_ExStrInf_5,R,17.574596,-46.917023,-2.7627978,46
217,18,RH_VisPeri_StriCal_1,R,9.355885,-74.765724,8.378121,82
218,19,RH_VisPeri_StriCal_2,R,22.028574,-62.46577,4.989812,61
219,20,RH_VisPeri_ExStrSup_1,R,15.939223,-67.25286,18.228254,42
220,21,RH_VisPeri_ExStrSup_2,R,3.5475428,-81.26971,21.148602,38
221,22,RH_VisPeri_ExStrSup_3,R,14.538102,-77.62458,32.928806,37
222,23,RH_VisPeri_ExStrSup_4,R,15.613038,-86.711815,35.546646,48
223,24,RH_SomMotA_1,R,51.870106,-21.835707,41.032135,40
224,25,RH_SomMotA_2,R,49.94461,-15.444904,48.08819,38
225,26,RH_SomMotA_3,R,41.014874,-12.98453,46.386436,47
226,27,RH_SomMotA_4,R,46.26342,-28.417612,54.162502,54
227,28,RH_SomMotA_5,R,7.4711227,-9.215751,49.394608,45
228,29,RH_SomMotA_6,R,38.783993,-22.712982,51.741657,47
229,30,RH_SomMotA_7,R,35.3558,-19.322151,60.030224,71
230,31,RH_SomMotA_8,R,31.14027,-36.660347,60.243855,42
231,32,RH_SomMotA_9,R,29.476679,-42.38191,58.7563,44
232,33,RH_SomMotA_10,R,31.781805,-28.24297,58.326324,37
233,34,RH_SomMotA_11,R,3.7043173,-25.287582,57.223286,42
234,35,RH_SomMotA_12,R,28.154497,-11.5558195,61.216278,51
235,36,RH_SomMotA_13,R,8.892717,-41.73802,66.393745,63
236,37,RH_SomMotA_14,R,20.550169,-26.211287,61.526173,35
237,38,RH_SomMotA_15,R,21.201523,-30.08659,63.241833,40
238,39,RH_SomMotA_16,R,21.122284,-37.62923,66.46817,40
239,40,RH_SomMotA_17,R,15.320099,-9.550183,67.16292,29
240,41,RH_SomMotA_18,R,3.7353208,-24.347792,70.39989,62
241,42,RH_SomMotA_19,R,14.947034,-22.282633,70.774414,51
242,43,RH_SomMotA_20,R,10.369704,-34.18448,72.788475,37
243,44,RH_SomMotB_Aud_1,R,54.230328,-1.9665561,-5.292817,61
244,45,RH_SomMotB_Aud_2,R,53.726433,-17.543884,6.5111914,64
245,46,RH_SomMotB_Ins_1,R,40.267532,-20.693275,3.7392297,44
246,47,RH_SomMotB_S2_1,R,38.441708,-9.432691,13.737004,35
247,48,RH_SomMotB_S2_2,R,35.735256,-23.513315,13.894324,39
248,49,RH_SomMotB_Aud_3,R,60.492977,-27.567852,10.150949,46
249,50,RH_SomMotB_S2_3,R,39.971542,-14.9418125,17.650766,31
250,51,RH_SomMotB_S2_4,R,40.515198,-30.973621,17.084362,55
251,52,RH_SomMotB_S2_5,R,49.337265,-14.78004,14.45186,34
252,53,RH_SomMotB_S2_6,R,59.35006,-2.3316462,9.661742,49
253,54,RH_SomMotB_S2_7,R,47.76105,-25.324993,17.153894,23
254,55,RH_SomMotB_S2_8,R,62.580845,-15.474674,16.164465,35
255,56,RH_SomMotB_Cent_1,R,60.12574,4.694209,31.36316,20
256,57,RH_SomMotB_Cent_2,R,56.55344,-8.438351,28.135221,120
257,58,RH_SomMotB_Cent_3,R,47.6118,-10.170219,36.204636,53
258,59,RH_DorsAttnA_TempOcc_1,R,34.30952,-38.434822,-24.379864,41
259,60,RH_DorsAttnA_TempOcc_2,R,46.7388,-53.39765,-17.403141,82
260,61,RH_DorsAttnA_TempOcc_3,R,47.760586,-68.42522,-9.063285,59
261,62,RH_DorsAttnA_ParOcc_1,R,46.56439,-70.19685,4.5305705,70
262,63,RH_DorsAttnA_ParOcc_2,R,49.21091,-60.27178,9.627558,48
263,64,RH_DorsAttnA_ParOcc_3,R,32.749897,-77.698715,21.951202,40
264,65,RH_DorsAttnA_SPL_1,R,25.787569,-75.41478,35.018375,27
265,66,RH_DorsAttnA_SPL_2,R,28.551575,-66.08016,32.108868,36
266,67,RH_DorsAttnA_SPL_3,R,16.211779,-76.29178,46.12876,22
267,68,RH_DorsAttnA_SPL_4,R,27.445177,-61.964836,46.567463,26
268,69,RH_DorsAttnA_SPL_5,R,18.710783,-67.88389,50.474297,50
269,70,RH_DorsAttnA_SPL_6,R,32.51032,-52.96004,49.87233,51
270,71,RH_DorsAttnA_SPL_7,R,25.357592,-58.84681,56.965595,53
271,72,RH_DorsAttnA_SPL_8,R,11.194635,-63.34682,63.020958,33
272,73,RH_DorsAttnB_TempOcc_1,R,56.70575,-57.463795,-2.3447227,37
273,74,RH_DorsAttnB_PostC_1,R,59.007572,-18.928053,32.249214,52
274,75,RH_DorsAttnB_PostC_2,R,53.293957,-27.581476,43.137096,31
275,76,RH_DorsAttnB_PostC_3,R,36.926823,-40.987923,38.35927,32
276,77,RH_DorsAttnB_PostC_4,R,41.4703,-30.982063,41.344166,46
277,78,RH_DorsAttnB_PostC_5,R,33.525043,-39.164074,46.468864,62
278,79,RH_DorsAttnB_PostC_6,R,5.554807,-54.29982,58.785,60
279,80,RH_DorsAttnB_PostC_7,R,23.583899,-50.898468,63.759716,55
280,81,RH_DorsAttnB_PostC_8,R,13.674084,-49.2547,69.95387,41
281,82,RH_DorsAttnB_FEF_1,R,38.69457,-3.5625367,50.978405,58
282,83,RH_DorsAttnB_FEF_2,R,26.502033,-3.3230839,49.95593,43
283,84,RH_DorsAttnB_FEF_3,R,23.016224,-4.401929,60.3673,29
284,85,RH_SalVentAttnA_ParOper_1,R,54.92017,-34.46416,23.105042,71
285,86,RH_SalVentAttnA_ParOper_2,R,58.183975,-25.822678,25.022467,43
286,87,RH_SalVentAttnA_ParOper_3,R,59.885597,-32.41591,36.348465,57
287,88,RH_SalVentAttnA_PrC_1,R,47.880787,2.3615954,39.578968,43
288,89,RH_SalVentAttnA_Ins_1,R,42.096573,1.8010658,-16.15836,65
289,90,RH_SalVentAttnA_Ins_2,R,41.14213,8.490834,-2.449446,31
290,91,RH_SalVentAttnA_Ins_3,R,41.55921,-13.1422205,-5.453725,57
291,92,RH_SalVentAttnA_Ins_4,R,39.423065,-0.15485317,5.8094735,31
292,93,RH_SalVentAttnA_FrOper_1,R,37.676353,3.8756104,11.363753,44
293,94,RH_SalVentAttnA_FrOper_2,R,49.665997,2.7739608,3.7358081,47
294,95,RH_SalVentAttnA_FrOper_3,R,53.594074,9.951135,12.337916,45
295,96,RH_SalVentAttnA_FrMed_1,R,7.316379,0.258354,43.273823,55
296,97,RH_SalVentAttnA_ParMed_1,R,11.014633,-16.607159,42.30761,37
297,98,RH_SalVentAttnA_ParMed_2,R,12.764322,-33.351215,42.077217,60
298,99,RH_SalVentAttnA_FrMed_2,R,5.8543963,9.70569,54.33479,33
299,100,RH_SalVentAttnA_ParMed_3,R,11.902884,-44.24215,52.923763,46
300,101,RH_SalVentAttnA_ParMed_4,R,11.03162,-32.48197,47.784973,43
301,102,RH_SalVentAttnA_FrMed_3,R,5.970223,-3.0145237,64.948906,48
302,103,RH_SalVentAttnA_FrMed_4,R,16.034939,5.2934175,67.55251,31
303,104,RH_SalVentAttnB_IPL_1,R,58.352737,-43.356888,33.79362,53
304,105,RH_SalVentAttnB_PFClv_1,R,46.69753,36.49346,5.0538473,36
305,106,RH_SalVentAttnB_PFCl_1,R,40.58283,42.823547,15.367118,57
306,107,RH_SalVentAttnB_PFCl_2,R,26.05465,49.772835,22.133976,39
307,108,RH_SalVentAttnB_PFCl_3,R,32.489967,39.952396,26.395063,67
308,109,RH_SalVentAttnB_Ins_1,R,34.179844,21.687567,-7.209512,44
309,110,RH_SalVentAttnB_Ins_2,R,36.23348,21.03032,5.4020987,89
310,111,RH_SalVentAttnB_PFCmp_1,R,8.777622,33.421204,25.039474,57
311,112,RH_SalVentAttnB_PFCmp_2,R,7.523121,17.327412,36.10928,87
312,113,RH_LimbicB_OFC_1,R,13.643473,19.651638,-21.578148,61
313,114,RH_LimbicB_OFC_2,R,23.253677,21.36412,-21.35881,48
314,115,RH_LimbicB_OFC_3,R,8.484163,42.197437,-24.772705,60
315,116,RH_LimbicB_OFC_4,R,21.371416,40.752914,-19.593311,26
316,117,RH_LimbicB_OFC_5,R,4.3688154,20.728258,-23.053057,43
317,118,RH_LimbicB_OFC_6,R,9.289907,60.215015,-15.483166,38
318,119,RH_LimbicA_TempPole_1,R,28.624386,-4.525201,-38.77534,76
319,120,RH_LimbicA_TempPole_2,R,49.919796,-10.016856,-40.238728,48
320,121,RH_LimbicA_TempPole_3,R,39.320976,12.775929,-37.637234,47
321,122,RH_LimbicA_TempPole_4,R,40.1632,-17.61516,-29.765963,58
322,123,RH_LimbicA_TempPole_5,R,29.884468,9.358723,-29.028124,51
323,124,RH_LimbicA_TempPole_6,R,49.06068,-31.35449,-27.46568,56
324,125,RH_ContA_IPS_1,R,32.74683,-68.313545,42.32427,35
325,126,RH_ContA_IPS_2,R,48.990902,-38.907875,44.848118,39
326,127,RH_ContA_IPS_3,R,43.62782,-47.744747,40.73172,33
327,128,RH_ContA_IPS_4,R,33.842934,-48.432476,41.486755,35
328,129,RH_ContA_PFCd_1,R,24.490543,8.320822,54.24687,52
329,130,RH_ContA_PFCl_1,R,45.89958,29.411594,16.681282,33
330,131,RH_ContA_PFCl_2,R,44.08986,18.932537,22.63441,45
331,132,RH_ContA_PFCl_3,R,47.235474,27.722544,27.627707,41
332,133,RH_ContA_PFCl_4,R,46.674583,7.258964,24.96368,65
333,134,RH_ContA_PFCl_5,R,36.58855,11.740505,30.515018,36
334,135,RH_ContA_Cingm_1,R,3.4431176,1.4277405,31.108105,35
335,136,RH_ContB_Temp_1,R,60.035816,-33.856525,-21.404562,64
336,137,RH_ContB_Temp_2,R,61.516663,-45.838833,-11.343998,45
337,138,RH_ContB_IPL_1,R,54.20821,-51.111233,26.855597,39
338,139,RH_ContB_IPL_2,R,51.569645,-56.494175,41.621983,42
339,140,RH_ContB_IPL_3,R,52.44397,-46.93045,40.252663,32
340,141,RH_ContB_IPL_4,R,38.575138,-57.46883,44.49919,51
341,142,RH_ContB_PFCld_1,R,37.16803,30.648645,36.987392,46
342,143,RH_ContB_PFCld_2,R,41.30549,20.354437,40.311626,47
343,144,RH_ContB_PFCld_3,R,41.04758,7.5686026,47.022022,29
344,145,RH_ContB_PFCld_4,R,33.855877,16.072412,52.64151,50
345,146,RH_ContB_PFClv_1,R,33.78287,36.14915,-12.750149,36
346,147,RH_ContB_PFClv_2,R,28.170166,52.6021,-13.642596,40
347,148,RH_ContB_PFClv_3,R,43.02972,47.813637,-4.7595673,50
348,149,RH_ContB_PFClv_4,R,28.464222,55.07442,2.65613,89
349,150,RH_ContB_PFCmp_1,R,4.6346803,26.349789,47.023888,41
350,151,RH_ContC_pCun_1,R,15.516661,-65.33341,27.007423,21
351,152,RH_ContC_pCun_2,R,12.518261,-71.21234,36.80155,42
352,153,RH_ContC_pCun_3,R,5.119562,-62.778202,43.718155,44
353,154,RH_ContC_pCun_4,R,6.1513534,-49.689877,45.25129,37
354,155,RH_ContC_pCun_5,R,6.088998,-70.208984,51.547806,36
355,156,RH_ContC_Cingp_1,R,4.7028046,-43.565487,21.254128,22
356,157,RH_ContC_Cingp_2,R,4.2063136,-24.070122,29.279022,52
357,158,RH_DefaultA_Temp_1,R,61.55994,-12.770526,-24.416656,51
358,159,RH_DefaultA_IPL_1,R,49.03878,-58.08903,24.539062,64
359,160,RH_DefaultA_IPL_2,R,44.55018,-67.47487,39.621243,52
360,161,RH_DefaultA_PFCd_1,R,25.129787,31.795912,39.181087,69
361,162,RH_DefaultA_PFCd_2,R,23.44599,21.154007,49.25263,46
362,163,RH_DefaultA_pCunPCC_1,R,4.515096,-52.05686,24.832647,57
363,164,RH_DefaultA_pCunPCC_2,R,3.6327326,-63.400856,31.415535,34
364,165,RH_DefaultA_pCunPCC_3,R,5.046504,-39.89132,36.334236,56
365,166,RH_DefaultA_pCunPCC_4,R,2.2920024,-19.576702,39.897667,30
366,167,RH_DefaultA_pCunPCC_5,R,10.745138,-52.006416,36.695866,33
367,168,RH_DefaultA_PFCm_1,R,5.048373,36.768623,-10.434948,92
368,169,RH_DefaultA_PFCm_2,R,9.336287,64.98399,0.52469057,31
369,170,RH_DefaultA_PFCm_3,R,8.336938,41.18656,4.6329103,58
370,171,RH_DefaultA_PFCm_4,R,7.910404,50.945618,12.896693,61
371,172,RH_DefaultA_PFCm_5,R,17.52242,62.272793,16.427778,39
372,173,RH_DefaultA_PFCm_6,R,4.061873,22.924356,20.589039,37
373,174,RH_DefaultB_Temp_1,R,62.73998,-28.107998,-8.684834,40
374,175,RH_DefaultB_Temp_2,R,62.407307,-41.36171,-1.1144897,27
375,176,RH_DefaultB_AntTemp_1,R,52.357365,3.8179157,-31.358223,52
376,177,RH_DefaultB_PFCd_1,R,6.1771793,55.579765,30.03385,33
377,178,RH_DefaultB_PFCd_2,R,18.405176,49.845367,34.27301,37
378,179,RH_DefaultB_PFCd_3,R,4.730059,42.215626,37.618515,31
379,180,RH_DefaultB_PFCd_4,R,12.654508,38.42743,51.2073,53
380,181,RH_DefaultB_PFCd_5,R,12.412838,18.992117,62.186443,49
381,182,RH_DefaultB_PFCv_1,R,34.102734,20.862692,-17.943825,56
382,183,RH_DefaultB_PFCv_2,R,48.03418,31.308186,-6.552267,57
383,184,RH_DefaultB_PFCv_3,R,52.8268,22.992937,7.820615,50
384,185,RH_DefaultC_IPL_1,R,42.54509,-66.64198,19.624046,42
385,186,RH_DefaultC_IPL_2,R,40.14807,-78.256615,30.963486,38
386,187,RH_DefaultC_Rsp_1,R,13.143535,-48.572075,2.0435889,26
387,188,RH_DefaultC_Rsp_2,R,11.030832,-56.519066,13.00851,80
388,189,RH_DefaultC_PHC_1,R,22.441269,-21.781012,-24.834324,49
389,190,RH_DefaultC_PHC_2,R,32.00894,-35.49818,-17.144932,59
390,191,RH_TempPar_1,R,50.816895,12.458586,-19.371567,45
391,192,RH_TempPar_2,R,55.077877,-9.468147,-14.800042,71
392,193,RH_TempPar_3,R,48.883713,-25.575022,-7.3004775,42
393,194,RH_TempPar_4,R,62.47244,-23.306034,-1.8137807,57
394,195,RH_TempPar_5,R,49.13761,-37.00806,0.6942637,58
395,196,RH_TempPar_6,R,56.9104,-50.181606,8.105724,39
396,197,RH_TempPar_7,R,49.267075,-42.76777,9.972658,36
397,198,RH_TempPar_8,R,63.37024,-37.31142,9.095467,38
398,199,RH_TempPar_9,R,47.87,-49.6108,16.503885,39
399,200,RH_TempPar_10,R,59.183468,-44.380928,18.17078,34